ticker,promoter_pledge_pct,promoter_holding_pct,fii_delta_qoq,dii_delta_qoq,mf_delta_qoq,auditor_qualified,rpt_concern,note
360ONE,0.0,6.2,-4.78,5.95,,,,
3MINDIA,0.0,75.0,-0.02,-0.18,,,,
AADHARHFC,0.0,64.66,-0.33,0.77,,,,
AARTIIND,0.0,41.82,-0.38,0.99,,,,
AAVAS,0.0,48.88,-0.46,0.01,,,,
ABB,0.0,75.0,-0.52,0.61,,,,
ABBOTINDIA,0.0,74.99,0.11,-0.16,,,,
ABCAPITAL,0.0,68.81,0.93,-0.35,,,,
ABDL,0.0,80.91,0.01,0.25,,,,
ABFRL,0.0,46.61,-2.66,-0.93,,,,
ABLBL,0.0,46.6,-0.08,0.56,,,,
ABREL,0.0,50.21,0.22,0.23,,,,
ABSLAMC,0.0,74.72,-1.34,2.71,,,,
ACC,0.0,56.69,-0.1,-0.5,,,,
ACE,0.0,65.42,-1.76,0.75,,,,
ACMESOLAR,0.0,71.4,0.79,12.05,,,,
ACUTAAS,0.0,32.66,2.13,-0.05,,,,
ADANIENSOL,0.0,74.71,-2.09,1.53,,,,
ADANIENT,0.0,74.84,-2.03,2.64,,,,
ADANIGREEN,0.0,62.43,0.74,0.26,,,,
ADANIPORTS,0.0,66.03,2.33,-0.26,,,,
ADANIPOWER,0.0,74.96,0.03,0.38,,,,
AEGISLOG,0.0,58.1,-0.02,-0.07,,,,
AEGISVOPAK,0.0,86.94,-0.54,0.41,,,,
AFCONS,100.0,50.17,-0.04,-0.89,,,,
AFFLE,0.0,54.91,-1.29,0.87,,,,
AIAENG,0.0,58.5,0.08,0.07,,,,
AIIL,0.0,68.81,0.05,0.01,,,,
AJANTPHARM,0.0,63.49,-0.58,3.44,,,,
ALKEM,0.0,49.7,0.27,1.25,,,,
AMBER,0.0,38.09,-3.49,2.62,,,,
AMBUJACEM,0.0,67.33,-0.24,-0.42,,,,
ANANDRATHI,0.0,41.37,0.59,1.3,,,,
ANANTRAJ,0.0,57.43,-0.14,-0.23,,,,
ANGELONE,0.0,28.59,0.95,1.46,,,,
ANTHEM,0.0,71.42,1.29,1.93,,,,
ANURAS,0.0,59.07,0.81,0.03,,,,
APARINDS,0.0,57.76,1.38,-1.13,,,,
APLAPOLLO,0.0,28.25,-2.4,2.53,,,,
APOLLOHOSP,0.0,28.02,-1.13,0.96,,,,
APOLLOTYRE,0.0,36.93,-2.06,1.49,,,,
APTUS,0.0,23.86,-0.38,0.47,,,,
ARE&M,0.0,32.86,0.03,-1.64,,,,
ASAHIINDIA,0.0,51.58,0.0,-0.09,,,,
ASHOKLEY,40.1,51.51,-3.9,2.69,,,,
ASIANPAINT,0.0,52.63,1.21,-1.04,,,,
ASTERDM,0.0,40.39,-6.65,0.08,,,,
ASTRAL,0.0,54.22,-0.61,0.01,,,,
ATGL,0.0,74.8,0.02,0.08,,,,
ATHERENERG,0.0,40.72,-0.98,0.31,,,,
ATUL,0.0,45.33,-0.06,0.04,,,,
AUBANK,0.0,22.74,-1.29,1.51,,,,
AUROPHARMA,0.0,51.88,1.14,-0.77,,,,
AWL,0.0,56.94,-0.76,0.09,,,,
AXISBANK,0.0,7.87,-2.13,-0.66,,,,
BAJAJ-AUTO,0.0,55.01,0.19,-0.93,,,,
BAJAJFINSV,0.0,58.72,-0.33,0.35,,,,
BAJAJHFL,0.0,86.7,-0.09,-0.18,,,,
BAJAJHLDNG,0.0,51.46,-0.15,0.18,,,,
BAJFINANCE,0.0,54.68,-1.13,1.2,,,,
BALKRISIND,0.0,58.3,-0.8,0.35,,,,
BALRAMCHIN,0.0,42.86,-1.1,1.42,,,,
BANDHANBNK,0.0,37.54,-3.43,5.14,,,,
BANKBARODA,0.0,63.97,0.45,-0.59,,,,
BANKINDIA,0.0,73.38,-0.39,0.0,,,,
BATAINDIA,0.0,50.16,-0.05,-1.17,,,,
BAYERCROP,0.0,71.44,0.08,-0.25,,,,
BBTC,0.0,74.04,-0.02,-0.42,,,,
BDL,0.0,74.93,-0.33,0.56,,,,
BEL,0.0,51.14,-1.49,1.02,,,,
BELRISE,0.0,66.46,0.54,-0.16,,,,
BEML,0.0,54.03,-0.11,0.69,,,,
BERGEPAINT,0.0,74.98,0.14,0.07,,,,
BHARATFORG,0.0,44.07,0.89,-0.44,,,,
BHARTIARTL,0.0,50.07,-1.31,0.11,,,,
BHARTIHEXA,0.0,70.0,-0.11,0.04,,,,
BHEL,0.0,58.17,2.29,-1.58,,,,
BIKAJI,0.0,73.88,-0.07,0.23,,,,
BIOCON,0.0,44.68,0.62,-0.68,,,,
BLS,0.0,70.39,-2.0,0.11,,,,
BLUEDART,0.0,75.0,-0.07,-0.07,,,,
BLUEJET,0.0,79.81,-0.49,0.14,,,,
BLUESTARCO,0.0,36.49,-1.05,0.46,,,,
BOSCHLTD,0.0,70.54,-0.12,0.12,,,,
BPCL,0.0,52.98,-2.73,2.55,,,,
BRIGADE,0.0,41.1,-1.12,0.72,,,,
BRITANNIA,0.0,50.55,-2.23,2.06,,,,
BSOFT,0.0,40.38,-0.86,-1.37,,,,
CAMS,0.0,0.0,0.44,1.48,,,,
CANBK,0.0,62.93,-1.56,1.0,,,,
CANFINHOME,0.0,29.99,-0.14,-0.08,,,,
CANHLIFE,0.0,62.0,-0.25,-0.12,,,,
CAPLIPOINT,0.0,70.57,-0.39,0.35,,,,
CARBORUNIV,0.0,38.9,0.4,-0.4,,,,
CASTROLIND,0.0,51.0,-0.31,-0.57,,,,
CCL,0.0,46.14,0.83,-0.33,,,,
CDSL,0.0,15.0,-3.12,0.77,,,,
CEATLTD,0.0,47.29,-2.73,1.29,,,,
CEMPRO,0.0,67.46,-0.05,0.92,,,,
CENTRALBK,0.0,81.19,0.18,6.13,,,,
CESC,0.0,52.11,-0.15,-0.1,,,,
CGCL,0.0,59.92,2.59,-1.67,,,,
CGPOWER,0.0,56.36,-0.06,0.22,,,,
CHALET,31.9,67.29,-0.45,0.42,,,,
CHAMBLFERT,0.0,61.34,-0.18,-0.06,,,,
CHENNPETRO,0.0,67.29,2.39,-1.1,,,,
CHOICEIN,0.0,53.66,-1.31,-0.07,,,,
CHOLAFIN,0.0,49.23,-0.41,0.71,,,,
CHOLAHLDNG,0.0,46.44,-0.81,0.8,,,,
CIEINDIA,0.0,65.7,0.22,-0.67,,,,
CIPLA,0.0,29.22,-2.35,2.64,,,,
CLEAN,0.0,51.29,-0.01,-0.91,,,,
COALINDIA,0.0,61.13,1.99,-0.56,,,,
COCHINSHIP,0.0,67.91,-0.27,0.91,,,,
COFORGE,0.0,0.0,-6.35,-13.56,,,,
COHANCE,94.6,57.49,0.91,-1.7,,,,
COLPAL,0.0,51.0,0.0,0.29,,,,
CONCOR,0.0,54.8,-0.47,0.08,,,,
CONCORDBIO,0.0,44.08,-0.26,0.15,,,,
COROMANDEL,0.0,56.35,-1.52,1.73,,,,
CPPLUS,0.0,74.71,0.63,-1.14,,,,
CRAFTSMAN,0.0,42.41,2.09,4.61,,,,
CREDITACC,0.0,66.21,0.54,0.08,,,,
CRISIL,0.0,66.64,-0.8,0.34,,,,
CROMPTON,0.0,0.0,-0.6,0.35,,,,
CUMMINSIND,0.0,51.0,0.42,-0.37,,,,
CYIENT,0.0,23.28,-0.81,-1.99,,,,
DABUR,0.0,66.24,-0.32,0.14,,,,
DALBHARAT,0.0,55.84,-0.34,-0.3,,,,
DATAPATTNS,0.0,42.41,0.03,0.3,,,,
DCMSHRIRAM,0.0,66.53,-0.08,-0.1,,,,
DEEPAKFERT,0.0,45.63,-0.29,1.45,,,,
DEEPAKNTR,0.0,49.34,0.05,0.3,,,,
DEVYANI,0.0,61.37,0.68,-0.49,,,,
DIVISLAB,0.0,51.88,-0.1,0.16,,,,
DIXON,0.0,28.55,-0.43,0.24,,,,
DLF,0.0,74.08,-1.23,1.09,,,,
DMART,0.0,74.48,0.22,-0.1,,,,
DOMS,0.0,63.38,-0.12,6.77,,,,
DRREDDY,0.0,26.63,-0.47,1.03,,,,
ECLERX,0.0,54.53,-0.81,-0.11,,,,
EICHERMOT,0.0,49.03,-1.25,1.24,,,,
EIDPARRY,0.0,41.28,-0.99,-0.08,,,,
EIHOTEL,0.0,32.85,0.03,-0.1,,,,
ELECON,0.0,59.28,-0.14,1.51,,,,
ELGIEQUIP,0.0,31.19,-0.3,1.04,,,,
EMAMILTD,0.0,54.84,-0.7,0.09,,,,
EMCURE,0.0,77.83,1.52,2.36,,,,
EMMVEE,0.0,80.03,0.47,-2.48,,,,
ENDURANCE,0.0,75.0,-0.45,0.29,,,,
ENGINERSIN,0.0,51.32,-0.49,2.03,,,,
ENRIN,0.0,75.0,0.13,-0.18,,,,
ERIS,0.0,54.14,-0.63,0.36,,,,
ESCORTS,0.0,68.04,0.65,-1.01,,,,
EXIDEIND,0.0,45.99,0.32,0.18,,,,
FACT,0.0,90.0,-0.05,0.01,,,,
FINCABLES,0.0,35.86,0.03,0.27,,,,
FIVESTAR,0.0,18.61,-4.51,4.77,,,,
FLUOROCHEM,0.0,61.39,0.13,-0.15,,,,
FORCEMOT,0.0,61.63,-1.42,-0.29,,,,
FORTIS,0.0,31.17,-0.78,0.88,,,,
FSL,0.0,53.66,-0.47,-0.08,,,,
GABRIEL,0.0,63.55,-0.23,-3.36,,,,
GAIL,0.0,51.79,1.96,-1.41,,,,
GALLANTT,0.0,70.03,-0.07,0.0,,,,
GESHIP,0.0,30.08,2.59,-2.44,,,,
GICRE,0.0,77.4,0.38,4.18,,,,
GILLETTE,0.0,75.0,-0.03,-0.49,,,,
GLAND,0.0,51.77,1.45,-2.92,,,,
GLAXO,0.0,75.0,0.17,0.13,,,,
GLENMARK,0.0,46.65,0.54,-0.68,,,,
GMDCLTD,0.0,74.0,-0.1,-0.13,,,,
GMRAIRPORT,0.0,67.16,1.57,0.21,,,,
GODFRYPHLP,0.0,72.58,-0.11,0.38,,,,
GODIGIT,0.0,73.0,0.22,0.39,,,,
GODREJCP,0.0,53.06,-1.61,1.58,,,,
GODREJIND,0.0,74.64,0.09,0.0,,,,
GODREJPROP,0.0,51.66,-0.85,0.84,,,,
GPIL,0.0,63.18,0.06,0.47,,,,
GRANULES,0.0,38.01,2.19,-0.9,,,,
GRAPHITE,0.0,65.34,-0.66,-0.26,,,,
GRASIM,0.0,43.73,-0.28,-0.15,,,,
GRAVITA,0.0,55.88,-1.08,0.37,,,,
GROWW,0.0,27.14,4.38,4.16,,,,
GRSE,0.0,74.5,-0.3,0.24,,,,
GVT&D,0.0,51.0,2.5,-2.93,,,,
HAL,0.0,71.64,-0.87,1.47,,,,
HAVELLS,0.0,59.35,-1.02,0.54,,,,
HBLENGINE,0.0,59.11,-0.32,0.18,,,,
HCLTECH,0.0,60.88,-0.61,-0.2,,,,
HDBFS,0.0,74.12,0.54,-0.19,,,,
HDFCAMC,0.0,52.34,-0.35,0.34,,,,
HDFCBANK,0.0,0.0,-2.23,1.61,,,,
HDFCLIFE,0.0,50.54,-3.25,2.94,,,,
HEG,0.0,56.27,-1.76,0.64,,,,
HEROMOTOCO,0.0,34.73,-0.06,-0.43,,,,
HEXT,0.0,74.3,-1.01,1.02,,,,
HFCL,0.0,28.29,8.66,2.35,,,,
HINDALCO,0.0,34.67,1.45,-1.53,,,,
HINDCOPPER,0.0,66.14,-0.38,-0.55,,,,
HINDPETRO,0.0,54.9,-3.68,3.27,,,,
HINDUNILVR,0.0,61.9,-0.6,0.59,,,,
HINDZINC,0.0,60.71,-0.19,0.12,,,,
HOMEFIRST,0.0,6.98,-1.82,2.31,,,,
HONASA,0.0,35.47,-0.1,2.34,,,,
HONAUT,0.0,75.0,0.2,0.03,,,,
HSCL,0.0,52.49,0.82,0.11,,,,
HUDCO,0.0,75.0,0.18,-0.94,,,,
HYUNDAI,0.0,82.5,-2.15,1.94,,,,
ICICIAMC,0.0,87.59,0.56,-0.38,,,,
ICICIGI,0.0,51.22,-0.84,1.23,,,,
ICICIPRULI,0.0,72.73,-0.67,0.76,,,,
IDBI,0.0,94.72,-0.11,0.02,,,,
IDEA,0.0,25.64,0.61,-0.14,,,,
IDFCFIRSTB,0.0,0.0,-0.42,1.62,,,,
IFCI,0.0,72.57,0.85,0.02,,,,
IGIL,0.0,76.55,0.89,-0.87,,,,
IGL,0.0,45.0,-6.92,6.77,,,,
IIFL,0.0,24.84,-4.3,0.41,,,,
IKS,0.0,63.72,-0.18,1.1,,,,
INDHOTEL,0.0,38.12,-1.52,1.89,,,,
INDIACEM,0.0,75.0,-0.09,-0.3,,,,
INDIAMART,0.0,49.07,0.75,-1.43,,,,
INDIANB,0.0,73.84,0.34,-0.72,,,,
INDIGO,0.0,41.57,-1.32,0.71,,,,
INDUSINDBK,42.8,15.82,0.6,1.73,,,,
INDUSTOWER,0.0,51.26,-1.9,1.74,,,,
INFY,0.0,13.82,-1.36,-0.41,,,,
INOXWIND,0.0,44.18,-0.07,-0.94,,,,
INTELLECT,0.0,29.63,-2.06,0.24,,,,
IOB,0.0,92.44,0.04,0.01,,,,
IOC,0.0,51.5,-0.76,0.42,,,,
IPCALAB,0.0,44.72,0.09,-0.09,,,,
IRB,0.0,30.81,0.03,0.12,,,,
IRCON,0.0,65.17,-0.17,0.0,,,,
IRCTC,0.0,62.4,-0.95,0.0,,,,
IREDA,0.0,71.76,0.34,-0.05,,,,
IRFC,0.0,82.9,0.01,1.09,,,,
ITCHOTELS,0.0,39.85,-2.97,2.52,,,,
ITI,0.0,90.02,0.08,0.0,,,,
J&KBANK,0.0,59.4,1.03,1.85,,,,
JAINREC,0.0,73.59,-1.79,-0.36,,,,
JBMA,0.0,67.53,0.06,0.06,,,,
JINDALSAW,0.0,63.25,-0.38,2.57,,,,
JINDALSTEL,0.0,62.71,-0.35,0.38,,,,
JIOFIN,0.0,49.13,-1.04,-0.99,,,,
JKCEMENT,0.0,45.66,-0.01,-0.03,,,,
JKTYRE,0.0,51.72,-2.84,-0.19,,,,
JMFINANCIL,0.0,57.03,-0.21,-0.38,,,,
JPPOWER,73.0,24.0,0.17,-5.88,,,,
JSL,0.0,62.04,-0.42,0.2,,,,
JSWCEMENT,0.0,72.02,0.77,2.75,,,,
JSWDULUX,0.0,61.2,0.06,0.17,,,,
JSWENERGY,0.0,66.53,1.67,1.87,,,,
JSWINFRA,0.0,73.93,4.29,6.76,,,,
JSWSTEEL,0.0,44.29,0.54,0.33,,,,
JUBLFOOD,0.0,40.27,-3.97,3.21,,,,
JUBLINGREA,0.0,45.22,0.0,0.22,,,,
JUBLPHARMA,0.0,47.67,-0.03,0.77,,,,
JWL,0.0,68.31,-0.72,0.01,,,,
JYOTICNC,0.0,62.55,-2.66,-1.09,,,,
KAJARIACER,0.0,47.69,1.35,-1.23,,,,
KALYANKJIL,0.0,62.86,-3.73,1.7,,,,
KARURVYSYA,0.0,2.07,-1.33,1.96,,,,
KAYNES,0.0,53.46,-1.46,-3.35,,,,
KEC,0.0,50.1,0.08,-3.52,,,,
KEI,0.0,35.0,0.05,0.07,,,,
KFINTECH,0.0,22.82,-5.53,2.09,,,,
KIMS,0.0,32.49,0.18,1.92,,,,
KIRLOSENG,0.0,41.06,0.54,-0.69,,,,
KOTAKBANK,0.0,25.87,-1.19,1.52,,,,
KPIL,0.0,33.58,-0.15,-0.28,,,,
KPITTECH,0.0,38.59,-0.03,-1.05,,,,
KPRMILL,0.0,67.52,0.38,-0.22,,,,
LALPATHLAB,0.0,53.19,0.17,0.22,,,,
LATENTVIEW,0.0,65.1,-1.03,-0.53,,,,
LAURUSLABS,0.0,27.47,2.18,-0.23,,,,
LEMONTREE,0.0,22.32,-2.15,-1.32,,,,
LENSKART,0.0,17.53,8.5,8.08,,,,
LGEINDIA,0.0,85.0,0.4,-0.19,,,,
LICHSGFIN,0.0,45.24,0.08,0.13,,,,
LICI,0.0,96.5,0.13,-0.28,,,,
LINDEINDIA,0.0,75.0,-0.02,-0.09,,,,
LLOYDSME,0.0,61.63,-0.41,0.47,,,,
LODHA,0.0,70.31,2.41,-1.06,,,,
LTF,0.0,65.96,0.07,-0.01,,,,
LTFOODS,0.0,51.0,-0.53,0.54,,,,
LTM,0.0,68.49,-0.32,-0.17,,,,
LTTS,0.0,73.52,0.27,-0.59,,,,
LUPIN,0.0,46.85,0.72,-0.67,,,,
M&M,0.0,18.44,-1.34,1.21,,,,
M&MFIN,0.0,52.49,0.13,-0.61,,,,
MAHABANK,0.0,73.6,0.27,0.35,,,,
MANAPPURAM,0.0,41.66,-0.93,1.89,,,,
MANKIND,0.0,72.63,-0.79,0.93,,,,
MAPMYINDIA,0.0,51.41,-1.63,-1.57,,,,
MARICO,0.0,58.92,-0.68,0.7,,,,
MARUTI,0.0,58.65,-1.3,1.0,,,,
MAXHEALTH,0.0,23.71,-3.61,3.63,,,,
MAZDOCK,0.0,81.22,-0.01,-0.07,,,,
MEDANTA,0.0,33.0,-0.69,2.13,,,,
MEESHO,0.0,16.41,1.02,3.58,,,,
MFSL,26.9,1.25,0.18,-0.4,,,,
MGL,0.0,32.5,-0.92,1.52,,,,
MINDACORP,0.0,64.84,0.5,-0.95,,,,
MMTC,0.0,89.93,0.03,0.01,,,,
MOTHERSON,0.0,61.72,-0.83,0.44,,,,
MOTILALOFS,0.0,67.2,-0.17,0.76,,,,
MPHASIS,100.0,30.54,-0.01,-0.34,,,,
MRF,0.0,27.76,-0.55,-0.14,,,,
MRPL,0.0,88.58,-1.24,0.05,,,,
MSUMI,0.0,61.72,-0.83,0.44,,,,
MUTHOOTFIN,0.0,73.35,-0.7,0.32,,,,
NAM-INDIA,0.0,71.8,-0.31,0.72,,,,
NATCOPHARM,0.0,49.41,-0.38,0.17,,,,
NATIONALUM,0.0,51.28,-0.28,0.47,,,,
NAUKRI,0.0,37.48,-4.25,4.4,,,,
NAVA,0.0,50.03,-0.39,0.04,,,,
NAVINFLUOR,0.0,27.08,-0.05,0.85,,,,
NBCC,0.0,61.75,-0.22,0.53,,,,
NCC,0.0,23.09,-0.82,1.48,,,,
NESTLEIND,0.0,62.76,0.56,-0.51,,,,
NETWEB,0.0,66.98,-0.02,1.23,,,,
NEULANDLAB,0.0,32.62,0.62,0.68,,,,
NEWGEN,0.0,53.45,-0.7,-0.7,,,,
NH,0.0,63.27,-0.58,-0.09,,,,
NHPC,0.0,61.39,1.95,3.76,,,,
NIACL,0.0,85.44,0.01,0.0,,,,
NIVABUPA,0.0,55.3,1.49,-0.32,,,,
NLCINDIA,0.0,69.47,1.01,-1.03,,,,
NMDC,0.0,60.79,-0.01,0.04,,,,
NSLNISP,0.0,60.79,0.63,-0.07,,,,
NTPC,0.0,51.1,-0.24,0.31,,,,
NTPCGREEN,0.0,89.01,0.06,0.14,,,,
NUVAMA,62.8,53.98,2.06,0.19,,,,
NUVOCO,0.0,72.02,-0.17,-0.35,,,,
NYKAA,0.0,52.07,1.33,-1.27,,,,
OBEROIRLTY,0.0,67.71,-0.31,0.25,,,,
OFSS,0.0,72.41,1.66,-0.33,,,,
OIL,0.0,56.66,-0.39,0.7,,,,
OLAELEC,0.0,32.96,0.11,5.15,,,,
OLECTRA,0.0,50.02,0.84,-0.1,,,,
ONESOURCE,37.2,30.48,1.69,2.76,,,,
ONGC,0.0,58.89,0.04,0.01,,,,
PAGEIND,0.0,42.89,-0.09,0.43,,,,
PARADEEP,0.0,57.86,-3.26,2.58,,,,
PATANJALI,0.0,68.25,-0.67,-1.01,,,,
PCBL,0.0,53.38,0.23,0.27,,,,
PERSISTENT,0.0,30.29,-1.32,-0.22,,,,
PETRONET,0.0,50.0,-0.86,0.74,,,,
PFC,0.0,55.99,0.9,-0.55,,,,
PFIZER,0.0,63.92,-1.16,0.91,,,,
PFOCUS,0.0,60.73,-0.26,-0.09,,,,
PGEL,0.0,43.37,0.2,-0.61,,,,
PHOENIXLTD,0.0,47.25,-1.24,1.24,,,,
PIDILITIND,0.0,69.24,-0.06,0.25,,,,
PIIND,0.0,46.09,-1.04,0.3,,,,
PIRAMALFIN,0.0,46.16,0.82,-0.17,,,,
PNB,0.0,70.08,-0.46,0.01,,,,
PNBHOUSING,0.0,28.03,0.21,1.64,,,,
POLYCAB,0.0,61.46,0.79,-0.33,,,,
POLYMED,0.0,62.42,-0.36,0.48,,,,
POONAWALLA,0.0,59.02,0.75,4.6,,,,
POWERGRID,0.0,51.34,-0.69,0.57,,,,
POWERINDIA,0.0,71.31,0.76,-0.63,,,,
PPLPHARMA,0.0,34.8,-17.66,-1.04,,,,
PREMIERENE,0.0,58.48,2.2,4.28,,,,
PRESTIGE,0.0,60.95,-0.93,0.91,,,,
PTCIL,0.0,59.72,0.0,0.14,,,,
PVRINOX,0.0,27.53,0.22,-0.71,,,,
PWL,0.0,71.27,0.45,-0.34,,,,
RADICO,0.0,40.19,0.57,0.73,,,,
RAILTEL,0.0,72.84,0.26,0.0,,,,
RAINBOW,0.0,49.84,-1.21,1.44,,,,
RAMCOCEM,0.0,42.55,-0.52,0.58,,,,
RBLBANK,0.0,60.0,-11.46,-26.05,,,,
RECLTD,0.0,52.63,-0.03,0.62,,,,
REDINGTON,0.0,0.0,0.47,-0.75,,,,
RELIANCE,0.0,50.48,-1.48,0.64,,,,
RHIM,0.0,56.07,-0.4,0.88,,,,
RITES,0.0,72.2,-0.04,0.04,,,,
RKFORGE,0.0,43.39,-1.32,0.64,,,,
RPOWER,0.0,24.98,-0.48,-0.33,,,,
RRKABEL,0.0,61.38,1.58,-1.46,,,,
RVNL,0.0,72.84,-2.45,0.18,,,,
SAGILITY,0.0,50.95,-0.03,-0.86,,,,
SAIL,0.0,65.0,2.08,-1.53,,,,
SAILIFE,0.0,34.53,-1.52,1.17,,,,
SAMMAANCAP,0.0,28.34,-26.61,-4.14,,,,
SAPPHIRE,0.0,26.06,-3.73,4.43,,,,
SARDAEN,0.0,73.16,0.01,0.15,,,,
SAREGAMA,0.0,60.84,-0.68,1.5,,,,
SBFC,0.0,52.31,1.01,-1.25,,,,
SBICARD,0.0,68.86,-0.56,0.01,,,,
SBILIFE,0.0,55.32,-0.56,0.54,,,,
SBIN,0.0,55.47,-0.6,0.41,,,,
SCHAEFFLER,0.0,74.13,0.11,-0.11,,,,
SCHNEIDER,0.0,75.0,0.24,0.58,,,,
SCI,0.0,63.75,0.0,-0.4,,,,
SHREECEM,0.0,62.56,-0.73,0.63,,,,
SHRIRAMFIN,0.0,20.3,9.6,-3.39,,,,
SHYAMMETL,0.0,74.59,-0.12,4.58,,,,
SIEMENS,0.0,75.0,-0.33,0.51,,,,
SIGNATURE,0.0,69.54,-0.08,0.05,,,,
SJVN,0.0,81.85,0.04,0.0,,,,
SOBHA,0.0,52.88,-0.11,-0.11,,,,
SOLARINDS,0.0,73.15,-0.2,0.47,,,,
SONACOMS,0.0,28.01,-0.09,0.14,,,,
SONATSOFTW,0.0,28.17,0.43,-0.87,,,,
SPLPETRO,0.0,64.24,0.11,-0.1,,,,
SRF,0.0,50.26,-1.22,1.27,,,,
STARHEALTH,0.0,58.01,0.98,-0.9,,,,
SUMICHEM,0.0,75.0,-0.39,0.35,,,,
SUNDARMFIN,0.0,37.21,-0.39,0.31,,,,
SUNPHARMA,0.0,54.48,-1.4,1.06,,,,
SUNTV,0.0,75.0,-0.84,0.39,,,,
SUPREMEIND,0.0,48.96,-0.04,-0.16,,,,
SUZLON,0.0,11.7,0.3,1.94,,,,
SWANCORP,39.6,53.96,-0.06,0.02,,,,
SYNGENE,0.0,52.59,-2.09,1.57,,,,
SYRMA,0.0,42.28,0.91,-0.69,,,,
TARIL,0.0,64.36,-0.53,-0.23,,,,
TATACAP,0.0,85.41,0.29,-0.03,,,,
TATACHEM,0.0,37.98,0.16,-1.72,,,,
TATACOMM,0.0,58.86,-0.69,0.71,,,,
TATACONSUM,0.0,33.83,-0.71,0.81,,,,
TATAELXSI,0.0,43.9,-1.23,-0.36,,,,
TATAINVEST,0.0,73.38,0.04,0.02,,,,
TATAPOWER,0.0,46.86,-0.01,0.14,,,,
TATASTEEL,0.0,32.94,0.32,-0.23,,,,
TATATECH,0.0,55.17,0.53,1.04,,,,
TBOTEK,0.0,44.4,-0.78,0.75,,,,
TCS,0.0,71.77,-0.59,0.07,,,,
TECHM,0.0,34.96,0.07,-0.42,,,,
TECHNOE,0.0,56.93,-0.57,-1.11,,,,
TEGA,0.0,67.51,0.66,-0.29,,,,
TEJASNET,0.0,53.33,0.53,-0.28,,,,
TENNIND,0.0,74.79,0.75,-1.13,,,,
THELEELA,73.6,75.91,-0.75,1.0,,,,
THERMAX,0.0,61.99,0.21,-0.27,,,,
TIINDIA,0.0,43.93,0.93,-0.74,,,,
TIMKEN,0.0,51.05,0.36,-0.37,,,,
TITAGARH,0.0,40.46,0.2,2.92,,,,
TITAN,0.0,52.9,-0.26,0.31,,,,
TMCV,0.0,42.56,-0.45,0.61,,,,
TMPV,0.0,42.51,-0.18,0.18,,,,
TORNTPHARM,0.0,68.31,-0.74,0.77,,,,
TORNTPOWER,0.0,51.09,0.13,-0.13,,,,
TRAVELFOOD,0.0,86.19,0.1,0.31,,,,
TRENT,0.0,37.01,-0.45,0.88,,,,
TRIDENT,0.0,73.68,0.11,0.03,,,,
TRITURBINE,0.0,55.84,-0.23,-0.53,,,,
TTML,0.0,74.36,-0.08,0.01,,,,
TVSMOTOR,0.0,50.27,-2.11,2.28,,,,
UBL,0.0,70.84,-0.07,-0.29,,,,
UCOBANK,0.0,90.95,-0.02,-0.09,,,,
ULTRACEMCO,0.0,59.33,-1.25,1.27,,,,
UNIONBANK,0.0,74.76,-0.74,0.46,,,,
UNITDSPR,0.0,56.68,-1.52,1.78,,,,
UNOMINDA,0.0,68.36,-0.81,0.63,,,,
UPL,0.0,33.5,0.61,-0.31,,,,
URBANCO,0.0,19.02,-0.49,0.68,,,,
USHAMART,0.0,40.28,0.33,0.45,,,,
VBL,0.0,59.43,-0.48,0.81,,,,
VEDL,0.0,54.72,1.85,-2.6,,,,
VIJAYA,0.0,52.51,-1.73,1.68,,,,
VMM,0.0,40.09,-1.58,2.06,,,,
VOLTAS,0.0,30.3,-1.5,0.65,,,,
VTL,0.0,65.08,0.38,-1.32,,,,
WAAREEENER,0.0,64.12,1.51,-0.24,,,,
WELCORP,0.0,49.73,3.38,-1.53,,,,
WELSPUNLIV,0.0,66.36,0.22,0.2,,,,
WHIRLPOOL,0.0,39.76,1.02,-1.67,,,,
WIPRO,0.0,72.59,0.53,-2.64,,,,
WOCKPHARMA,0.0,49.09,0.14,-1.72,,,,
YESBANK,0.0,0.0,-0.3,2.23,,,,
ZEEL,0.0,3.99,-5.22,-2.98,,,,
ZENSARTECH,0.0,49.0,0.22,-1.68,,,,
ZENTEC,0.0,48.51,0.48,0.36,,,,
ZFCVINDIA,0.0,60.0,0.14,-0.76,,,,
ZYDUSLIFE,0.0,75.02,-0.06,0.07,,,,
ZYDUSWELL,0.0,69.63,0.15,0.26,,,,
